{
  "hash": "fa308531",
  "configHash": "a5deef16",
  "lockfileHash": "d5a13e72",
  "browserHash": "4b18b9e7",
  "optimized": {
    "@angular/core": {
      "src": "../../../../../node_modules/@angular/core/fesm2022/core.mjs",
      "file": "@angular_core.js",
      "fileHash": "0cb78ad2",
      "needsInterop": false
    },
    "@angular/forms": {
      "src": "../../../../../node_modules/@angular/forms/fesm2022/forms.mjs",
      "file": "@angular_forms.js",
      "fileHash": "9c736ee6",
      "needsInterop": false
    },
    "@angular/platform-browser": {
      "src": "../../../../../node_modules/@angular/platform-browser/fesm2022/platform-browser.mjs",
      "file": "@angular_platform-browser.js",
      "fileHash": "3dde1708",
      "needsInterop": false
    },
    "@angular/router": {
      "src": "../../../../../node_modules/@angular/router/fesm2022/router.mjs",
      "file": "@angular_router.js",
      "fileHash": "315cfdb9",
      "needsInterop": false
    },
    "@angular/common": {
      "src": "../../../../../node_modules/@angular/common/fesm2022/common.mjs",
      "file": "@angular_common.js",
      "fileHash": "c5c0b322",
      "needsInterop": false
    }
  },
  "chunks": {
    "chunk-6JONA47Y": {
      "file": "chunk-6JONA47Y.js"
    },
    "chunk-A6ZBE6ZR": {
      "file": "chunk-A6ZBE6ZR.js"
    },
    "chunk-ORNJK7UO": {
      "file": "chunk-ORNJK7UO.js"
    }
  }
}